/*
SQLyog v10.2 
MySQL - 5.6.21 : Database - company_financial_system
*********************************************************************
*/

/*!40101 SET NAMES utf8 */;

/*!40101 SET SQL_MODE=''*/;

/*!40014 SET @OLD_UNIQUE_CHECKS=@@UNIQUE_CHECKS, UNIQUE_CHECKS=0 */;
/*!40014 SET @OLD_FOREIGN_KEY_CHECKS=@@FOREIGN_KEY_CHECKS, FOREIGN_KEY_CHECKS=0 */;
/*!40101 SET @OLD_SQL_MODE=@@SQL_MODE, SQL_MODE='NO_AUTO_VALUE_ON_ZERO' */;
/*!40111 SET @OLD_SQL_NOTES=@@SQL_NOTES, SQL_NOTES=0 */;
CREATE DATABASE /*!32312 IF NOT EXISTS*/`company_financial_system` /*!40100 DEFAULT CHARACTER SET utf8 */;

USE `company_financial_system`;

/*Data for the table `company_invoice` */

insert  into `company_invoice`(`C_invoice_ID`,`contract_ID`,`payment`,`Date`,`type`) values ('20000001','11000001','82344','2014-07-05','0'),('20000002','11000002','6127','2015-01-01','0'),('20000003','11000003','3318','2015-01-20','0'),('20000004','11000004','11661','2014-10-23','0'),('20000005','11000005','34014','2015-01-06','0'),('20000006','11000006','4200','2014-12-31','0'),('20000007','11000007','6108','2014-03-24','0'),('20000008','11000008','32303','2015-03-11','0'),('20000009','11000009','55225','2014-06-07','0'),('20000010','11000010','21151','2015-03-09','0'),('20000011','11000011','46185','2015-04-18','0'),('20000012','11000012','29976','2015-03-05','0'),('20000013','11000013','12052','2014-09-19','0'),('20000014','11000014','11973','2015-01-12','0'),('20000015','11000015','1810','2014-06-25','0'),('20000016','11000016','7788','2014-03-16','0'),('20000017','11000017','3665','2014-10-04','0'),('20000018','11000018','38959','2014-10-21','0'),('20000019','11000019','6005','2015-01-24','0'),('20000020','11000020','6614','2015-06-06','0'),('20000021','11000021','9368','2014-04-17','0'),('20000022','11000022','33478','2015-02-16','0'),('20000023','11000023','18826','2015-05-16','0'),('20000024','11000024','13416','2014-12-05','0'),('20000025','11000025','10939','2014-11-04','0'),('20000026','11000026','23734','2015-03-30','0'),('20000027','11000027','39525','2014-03-23','0'),('20000028','11000028','23521','2014-11-29','0'),('20000029','11000029','27694','2014-10-29','0'),('20000030','11000030','25714','2014-12-02','0'),('20000031','11000031','42656','2015-03-04','0'),('20000032','11000032','86773','2014-04-08','0'),('20000033','11000033','10774','2015-06-02','0'),('20000034','11000034','5555','2015-05-26','0'),('20000035','11000035','42620','2014-03-19','0'),('20000036','11000036','8093','2014-08-04','0'),('20000037','11000037','62210','2014-09-12','0'),('20000038','11000038','19047','2014-08-20','0'),('20000039','11000039','65866','2014-03-25','0'),('20000040','11000040','14046','2014-02-27','0'),('20000041','11000041','4706','2014-11-13','0'),('20000042','11000042','5632','2014-05-12','0'),('20000043','11000043','4314','2014-12-30','0'),('20000044','11000044','2761','2014-07-31','0'),('20000045','11000045','21851','2014-03-23','0'),('20000046','11000046','19605','2015-04-24','0'),('20000047','11000047','31347','2014-02-14','0'),('20000048','11000048','16604','2014-11-29','0'),('20000049','11000049','20601','2014-12-21','0'),('20000050','11000050','26372','2014-05-21','0'),('20000051','11000051','97336','2014-06-07','1'),('20000052','11000052','24626','2015-03-15','1'),('20000053','11000053','13703','2015-01-24','1'),('20000054','11000054','4611','2014-06-19','1'),('20000055','11000055','24788','2014-08-30','1'),('20000056','11000056','4676','2014-03-14','1'),('20000057','11000057','18116','2015-03-15','1'),('20000058','11000058','12931','2015-01-31','1'),('20000059','11000059','25447','2014-08-14','1'),('20000060','11000060','75214','2015-05-30','1'),('20000061','11000061','18692','2014-12-10','1'),('20000062','11000062','16471','2014-07-19','1'),('20000063','11000063','19152','2014-09-30','1'),('20000064','11000064','10166','2014-02-11','1'),('20000065','11000065','7998','2014-05-29','1'),('20000066','11000066','2075','2014-08-28','1'),('20000067','11000067','897','2014-04-12','1'),('20000068','11000068','2259','2014-09-21','1'),('20000069','11000069','13557','2015-01-21','1'),('20000070','11000070','35000','2015-01-20','1'),('20000071','11000071','16629','2014-07-02','1'),('20000072','11000072','60883','2014-03-25','1'),('20000073','11000073','36662','2014-07-28','1'),('20000074','11000074','75298','2015-03-03','1'),('20000075','11000075','69341','2014-02-14','1'),('20000076','11000076','30769','2014-06-05','1'),('20000077','11000077','12602','2014-02-23','1'),('20000078','11000078','95862','2015-02-07','1'),('20000079','11000079','83571','2015-03-12','1'),('20000080','11000080','10571','2015-04-11','1'),('20000081','11000081','44931','2014-10-21','1'),('20000082','11000082','19690','2015-06-03','1'),('20000083','11000083','65925','2014-03-19','1'),('20000084','11000084','41657','2014-12-11','1'),('20000085','11000085','3608','2014-11-22','1'),('20000086','11000086','41540','2015-05-08','1'),('20000087','11000087','74939','2014-12-29','1'),('20000088','11000088','24890','2015-04-02','1'),('20000089','11000089','47121','2014-06-27','1'),('20000090','11000090','55949','2014-07-01','1'),('20000091','11000091','66924','2014-03-04','1'),('20000092','11000092','636','2014-08-06','1'),('20000093','11000093','39008','2015-06-02','1'),('20000094','11000094','9264','2014-02-22','1'),('20000095','11000095','33788','2014-07-23','1'),('20000096','11000096','30304','2014-05-26','1'),('20000097','11000097','44546','2014-08-20','1'),('20000098','11000098','4133','2014-08-11','1'),('20000099','11000099','56678','2014-04-17','1'),('20000100','11000100','23570','2015-01-03','1'),('20000101','11000001','1673','2014-08-04','0'),('20000102','11000002','28676','2015-01-31','0'),('20000103','11000003','56712','2015-02-19','0'),('20000104','11000004','59887','2014-11-22','0'),('20000105','11000005','4408','2015-02-05','0'),('20000106','11000006','7736','2015-01-30','0'),('20000107','11000007','2385','2014-04-23','0'),('20000108','11000008','17887','2015-04-10','0'),('20000109','11000009','9750','2014-07-07','0'),('20000110','11000010','35282','2015-04-08','0'),('20000111','11000011','160','2015-05-18','0'),('20000112','11000012','16303','2015-04-04','0'),('20000113','11000013','11965','2014-10-19','0'),('20000114','11000014','876','2015-02-11','0'),('20000115','11000015','15808','2014-07-25','0'),('20000116','11000016','16451','2014-04-15','0'),('20000117','11000017','90669','2014-11-03','0'),('20000118','11000018','2592','2014-11-20','0'),('20000119','11000019','41298','2015-02-23','0'),('20000120','11000020','31166','2015-07-06','0'),('20000121','11000021','3281','2014-05-17','0'),('20000122','11000022','6802','2015-03-18','0'),('20000123','11000023','15833','2015-06-15','0'),('20000124','11000024','51022','2015-01-04','0'),('20000125','11000025','36110','2014-12-04','0'),('20000126','11000026','45633','2015-04-29','0'),('20000127','11000027','35782','2014-04-22','0'),('20000128','11000028','45','2014-12-29','0'),('20000129','11000029','2502','2014-11-28','0'),('20000130','11000030','8573','2015-01-01','0'),('20000131','11000031','12863','2015-04-03','0'),('20000132','11000032','9598','2014-05-08','0'),('20000133','11000033','22','2015-07-02','0'),('20000134','11000034','677','2015-06-25','0'),('20000135','11000035','33856','2014-04-18','0'),('20000136','11000036','18871','2014-09-03','0'),('20000137','11000037','5941','2014-10-12','0'),('20000138','11000038','17198','2014-09-19','0'),('20000139','11000039','21076','2014-04-24','0'),('20000140','11000040','3651','2014-03-29','0'),('20000141','11000041','33527','2014-12-13','0'),('20000142','11000042','84993','2014-06-11','0'),('20000143','11000043','57434','2015-01-29','0'),('20000144','11000044','12213','2014-08-30','0'),('20000145','11000045','34227','2014-04-22','0'),('20000146','11000046','47126','2015-05-24','0'),('20000147','11000047','15607','2014-03-16','0'),('20000148','11000048','46890','2014-12-29','0'),('20000149','11000049','33243','2015-01-20','0'),('20000150','11000050','33677','2014-06-20','0'),('20000151','11000051','1062','2014-07-07','1'),('20000152','11000052','614','2015-04-14','1'),('20000153','11000053','7358','2015-02-23','1'),('20000154','11000054','11316','2014-07-19','1'),('20000155','11000055','7298','2014-09-29','1'),('20000156','11000056','39294','2014-04-13','1'),('20000157','11000057','1335','2015-04-14','1'),('20000158','11000058','45762','2015-03-02','1'),('20000159','11000059','67741','2014-09-13','1'),('20000160','11000060','9044','2015-06-29','1'),('20000161','11000061','26189','2015-01-09','1'),('20000162','11000062','1478','2014-08-18','1'),('20000163','11000063','73711','2014-10-30','1'),('20000164','11000064','9351','2014-03-13','1'),('20000165','11000065','23431','2014-06-28','1'),('20000166','11000066','63483','2014-09-27','1'),('20000167','11000067','7294','2014-05-12','1'),('20000168','11000068','3510','2014-10-21','1'),('20000169','11000069','365','2015-02-20','1'),('20000170','11000070','31011','2015-02-19','1'),('20000171','11000071','3044','2014-08-01','1'),('20000172','11000072','28304','2014-04-24','1'),('20000173','11000073','45081','2014-08-27','1'),('20000174','11000074','5402','2015-04-02','1'),('20000175','11000075','15688','2014-03-16','1'),('20000176','11000076','3010','2014-07-05','1'),('20000177','11000077','6232','2014-03-25','1'),('20000178','11000078','545','2015-03-09','1'),('20000179','11000079','16862','2015-04-11','1'),('20000180','11000080','74988','2015-05-11','1'),('20000181','11000081','9726','2014-11-20','1'),('20000182','11000082','23274','2015-07-03','1'),('20000183','11000083','23557','2014-04-18','1'),('20000184','11000084','3458','2015-01-10','1'),('20000185','11000085','41509','2014-12-22','1'),('20000186','11000086','15215','2015-06-07','1'),('20000187','11000087','21152','2015-01-28','1'),('20000188','11000088','22604','2015-05-02','1'),('20000189','11000089','22654','2014-07-27','1'),('20000190','11000090','31522','2014-07-31','1'),('20000191','11000091','19284','2014-04-03','1'),('20000192','11000092','8218','2014-09-05','1'),('20000193','11000093','226','2015-07-02','1'),('20000194','11000094','14413','2014-03-24','1'),('20000195','11000095','36960','2014-08-22','1'),('20000196','11000096','76088','2014-06-25','1'),('20000197','11000097','889','2014-09-19','1'),('20000198','11000098','341','2014-09-10','1'),('20000199','11000099','12465','2014-05-17','1'),('20000200','11000100','3039','2015-02-02','1');

/*Data for the table `contract` */

insert  into `contract`(`contract_ID`,`name`,`start_time`,`finish_time`,`total_payment`,`unpayment`,`contract_type`) values ('11000001','中船有限公司','2014-06-05','2014-08-04','93167','9150','0'),('11000002','中船有限公司','2014-12-02','2015-01-31','34803','0','0'),('11000003','广州广船国际股份有限公司','2014-12-21','2015-02-19','60030','0','0'),('11000004','文冲有限责任公司','2014-09-23','2014-11-22','88811','17263','0'),('11000005','文冲有限责任公司','2014-12-07','2015-02-05','44825','6403','0'),('11000006','文冲有限责任公司','2014-12-01','2015-01-30','26286','14350','0'),('11000007','黄埔有限公司','2014-02-22','2014-04-23','8493','0','0'),('11000008','中船造船有限公司','2015-02-09','2015-04-10','50190','0','0'),('11000009','中船船舶有限公司','2014-05-08','2014-07-07','67858','2883','0'),('11000010','中冶建工有限公司供销分公司','2015-02-07','2015-04-08','56433','0','0'),('11000011','中船工业成套物流有限公司','2015-03-19','2015-05-18','49352','3007','0'),('11000012','中船工业成套物流有限公司（第二分公司）','2015-02-03','2015-04-04','76341','30062','0'),('11000013','中船工业成套物流有限公司（第二分公司）','2014-08-20','2014-10-19','39908','15891','0'),('11000014','中船工业成套物流有限公司','2014-12-13','2015-02-11','12849','0','0'),('11000015','广州中船黄埔造船有限公司','2014-05-26','2014-07-25','20444','2826','0'),('11000016','广州市万镒物资供应有限公司','2014-02-14','2014-04-15','24239','0','0'),('11000017','广州广船国际股份有限公司','2014-09-04','2014-11-03','94334','0','0'),('11000018','广州广船国际股份有限公司','2014-09-21','2014-11-20','41551','0','0'),('11000019','中船工业成套物流有限公司','2014-12-25','2015-02-23','47303','0','0'),('11000020','招商局重工（深圳）有限公司','2015-05-07','2015-07-06','37780','0','0'),('11000021','广州文冲船厂有限责任公司','2014-03-18','2014-05-17','13053','404','0'),('11000022','广州文冲船厂有限责任公司','2015-01-17','2015-03-18','41256','976','0'),('11000023','中船工业成套物流有限公司（文船）','2015-04-16','2015-06-15','41070','6411','0'),('11000024','广州中船黄埔造船有限公司','2014-11-05','2015-01-04','75181','10743','0'),('11000025','广东中远船务工程有限公司','2014-10-05','2014-12-04','47049','0','0'),('11000026','广东中远船务工程有限公司广州分公司','2015-02-28','2015-04-29','88605','19238','0'),('11000027','中船澄西远航船舶（广州）有限公司','2014-02-21','2014-04-22','75307','0','0'),('11000028','中船澄西远航船舶（广州）有限公司','2014-10-30','2014-12-29','28943','5377','0'),('11000029','广州广船国际股份有限公司','2014-09-29','2014-11-28','30196','0','0'),('11000030','广州中船黄埔造船有限公司','2014-11-02','2015-01-01','48998','14711','0'),('11000031','广州中船黄埔造船有限公司','2015-02-02','2015-04-03','55519','0','0'),('11000032','中船澄西远航船舶（广州）有限公司','2014-03-09','2014-05-08','96371','0','0'),('11000033','广州文冲船厂有限责任公司','2015-05-03','2015-07-02','10811','15','0'),('11000034','招商局重工（深圳）有限公司','2015-04-26','2015-06-25','6232','0','0'),('11000035','广州中船黄埔造船有限公司','2014-02-17','2014-04-18','76476','0','0'),('11000036','中船澄西远航船舶（广州）有限公司','2014-07-05','2014-09-03','91407','64443','0'),('11000037','广州中船黄埔造船有限公司','2014-08-13','2014-10-12','68151','0','0'),('11000038','中船工业成套物流有限公司（黄船）','2014-07-21','2014-09-19','59552','23307','0'),('11000039','中船工业成套物流有限公司（文船）','2014-02-23','2014-04-24','86942','0','0'),('11000040','广州文冲船厂有限责任公司','2014-01-28','2014-03-29','17697','0','0'),('11000041','广州中船龙穴造船有限公司','2014-10-14','2014-12-13','38233','0','0'),('11000042','广州广船国际股份有限公司','2014-04-12','2014-06-11','90625','0','0'),('11000043','广东中远船务工程有限公司','2014-11-30','2015-01-29','61748','0','0'),('11000044','广州中船黄埔造船有限公司','2014-07-01','2014-08-30','16939','1965','0'),('11000045','广州市万镒物资供应有限公司','2014-02-21','2014-04-22','56078','0','0'),('11000046','中船工业成套物流有限公司（黄船）','2015-03-25','2015-05-24','66731','0','0'),('11000047','广州文冲船厂有限责任公司','2014-01-15','2014-03-16','46954','0','0'),('11000048','广州中船黄埔造船有限公司','2014-10-30','2014-12-29','63494','0','0'),('11000049','秦皇岛比利科技开发有限公司','2014-11-21','2015-01-20','53844','0','0'),('11000050','秦皇岛同和热电有限公司','2014-04-21','2014-06-20','60049','0','0'),('11000051','秦皇岛飞天汽车配件制造有限公司','2014-05-08','2014-07-07','98398','0','1'),('11000052','河北金赛博板业有限公司','2015-02-13','2015-04-14','68115','42875','1'),('11000053','石家庄化肥集团有限责任公司','2014-12-25','2015-02-23','26971','5910','1'),('11000054','通用电气-哈动力能源服务公司','2014-05-20','2014-07-19','59450','43523','1'),('11000055','衡水桃城供电有限责任公司','2014-07-31','2014-09-29','69760','37674','1'),('11000056','物资信息报社','2014-02-12','2014-04-13','43970','0','1'),('11000057','张家口吉斯特-布罗卡德斯制药有限公司','2015-02-13','2015-04-14','20729','1278','1'),('11000058','衡水宝力工程橡胶有限公司','2015-01-01','2015-03-02','58693','0','1'),('11000059','北京颂雅风文化艺术中心','2014-07-15','2014-09-13','93188','0','1'),('11000060','河北威远生物化工股份有限公司','2015-04-30','2015-06-29','84258','0','1'),('11000061','雄县利富达塑胶制品有限公司','2014-11-10','2015-01-09','88260','43379','1'),('11000062','中翔安地大桥有限公司','2014-06-19','2014-08-18','18587','638','1'),('11000063','河北旭辉电气股份有限公司','2014-08-31','2014-10-30','92863','0','1'),('11000064','承德彩迪建材有限公司','2014-01-12','2014-03-13','19517','0','1'),('11000065','巨力索具股份有限公司','2014-04-29','2014-06-28','31429','0','1'),('11000066','廊坊愉景温泉酒店有限公司','2014-07-29','2014-09-27','89641','24083','1'),('11000067','正道机械（固安）有限公司','2014-03-13','2014-05-12','8191','0','1'),('11000068','丰宁满族自治县丰鑫实业有限公司','2014-08-22','2014-10-21','7889','2120','1'),('11000069','承德围场木兰神韵旅游开发公司','2014-12-22','2015-02-20','14866','944','1'),('11000070','河北盛孚凯旋汽车贸易有限公司','2014-12-21','2015-02-19','66011','0','1'),('11000071','河北汽车公司','2014-06-02','2014-08-01','53811','34138','1'),('11000072','河北亚诺化工有限公司','2014-02-23','2014-04-24','91490','2303','1'),('11000073','河北省地方铁路物资总公司','2014-06-28','2014-08-27','81743','0','1'),('11000074','石家庄宝石电子玻璃股份有限公司','2015-02-01','2015-04-02','80700','0','1'),('11000075','纺机','2014-01-15','2014-03-16','85029','0','1'),('11000076','河北省纺织产品经销公司','2014-05-06','2014-07-05','33779','0','1'),('11000077','河北省纺织机械器材公司','2014-01-24','2014-03-25','72346','53512','1'),('11000078','河北省汽车修理厂','2015-01-08','2015-03-09','96407','0','1'),('11000079','石家庄运输总公司','2015-02-10','2015-04-11','100433','0','1'),('11000080','石家庄化纤有限责任公司','2015-03-12','2015-05-11','105891','20332','1'),('11000081','石家庄徳建机械有限公司','2014-09-21','2014-11-20','54657','0','1'),('11000082','河北佑昌投资咨询有限公司','2015-05-04','2015-07-03','42964','0','1'),('11000083','河北永新包装有限公司','2014-02-17','2014-04-18','89482','0','1'),('11000084','河北省交通规划设计院','2014-11-11','2015-01-10','53163','8048','1'),('11000085','河北省激光研究所','2014-10-23','2014-12-22','45117','0','1'),('11000086','石家庄力士保健品有限公司','2015-04-08','2015-06-07','63787','7032','1'),('11000087','石家庄市宝东电子有限公司','2014-11-29','2015-01-28','104361','8270','1'),('11000088','石家庄德嘉源房地产开发有限公司','2015-03-03','2015-05-02','47494','0','1'),('11000089','石家庄欧赛牡光电有限公司','2014-05-28','2014-07-27','69775','0','1'),('11000090','河北省冀能科技电力自动化设备有限公司','2014-06-01','2014-07-31','94941','7470','1'),('11000091','石家庄开发区高达科技开发有限公司','2014-02-02','2014-04-03','86208','0','1'),('11000092','河北世纪大饭店有限公司','2014-07-07','2014-09-05','8854','0','1'),('11000093','河北葆意羊绒制品有限公司','2015-05-03','2015-07-02','41332','2098','1'),('11000094','河北冀岱棉种技术有限公司','2014-01-23','2014-03-24','23677','0','1'),('11000095','石家庄宝石电气硝子玻璃有限公司','2014-06-23','2014-08-22','73157','2409','1'),('11000096','石家庄宝石克拉大径塑管有限公司','2014-04-26','2014-06-25','106392','0','1'),('11000097','石家庄卫卫阿尔咨询服务有限公司','2014-07-21','2014-09-19','45435','0','1'),('11000098','石家庄宝石瑞铭塑钢制品有限公司','2014-07-12','2014-09-10','4489','15','1'),('11000099','河北峰源实业有限公司','2014-03-18','2014-05-17','91054','21911','1'),('11000100','石家庄徳建机械有限公司','2014-12-04','2015-02-02','27165','556','1');

/*Data for the table `notice` */

insert  into `notice`(`notic_ID`,`ID`,`content`,`Date`,`isread`) values ('1','20150003','你好','2015-05-15 00:00:00',0),('1','20150004','你好','2015-05-15 00:00:00',0),('1','20150005','你好','2015-05-15 00:00:00',0),('1','20150006','你好','2015-05-15 00:00:00',0),('1','20150007','你好','2015-05-15 00:00:00',0),('1','20150008','你好','2015-05-15 00:00:00',0),('1','20150009','你好','2015-05-15 00:00:00',0),('1','20150010','你好','2015-05-15 00:00:00',0),('1','20150011','你好','2015-05-15 00:00:00',0),('1','20150012','你好','2015-05-15 00:00:00',0),('1','20150013','你好','2015-05-15 00:00:00',0),('1','20150014','你好','2015-05-15 00:00:00',0),('1','20150015','你好','2015-05-15 00:00:00',0),('1','20150016','你好','2015-05-15 00:00:00',0),('1','20150017','你好','2015-05-15 00:00:00',0),('1','20150018','你好','2015-05-15 00:00:00',0),('1','20150019','你好','2015-05-15 00:00:00',0),('1','20150020','你好','2015-05-15 00:00:00',0),('1','20150021','你好','2015-05-15 00:00:00',0),('1','20150022','你好','2015-05-15 00:00:00',0),('1','20150023','你好','2015-05-15 00:00:00',0),('1','20150024','你好','2015-05-15 00:00:00',0),('1','20150025','你好','2015-05-15 00:00:00',0),('1','20150026','你好','2015-05-15 00:00:00',1),('1','20150027','你好','2015-05-15 00:00:00',1),('1','20150028','你好','2015-05-15 00:00:00',1),('1','20150029','你好','2015-05-15 00:00:00',1),('1','20150030','你好','2015-05-15 00:00:00',1),('1','20150031','你好','2015-05-15 00:00:00',1),('1','20150032','你好','2015-05-15 00:00:00',1),('1','20150033','你好','2015-05-15 00:00:00',1),('1','20150034','你好','2015-05-15 00:00:00',1),('1','20150035','你好','2015-05-15 00:00:00',1),('1','20150036','你好','2015-05-15 00:00:00',1),('1','20150037','你好','2015-05-15 00:00:00',1),('1','20150038','你好','2015-05-15 00:00:00',1),('1','20150039','你好','2015-05-15 00:00:00',1),('1','20150040','你好','2015-05-15 00:00:00',1),('1','20150041','你好','2015-05-15 00:00:00',1),('1','20150042','你好','2015-05-15 00:00:00',1),('1','20150043','你好','2015-05-15 00:00:00',1),('1','20150044','你好','2015-05-15 00:00:00',1),('1','20150045','你好','2015-05-15 00:00:00',1),('1','20150046','你好','2015-05-15 00:00:00',1),('1','20150047','你好','2015-05-15 00:00:00',1),('1','20150048','你好','2015-05-15 00:00:00',1),('1','20150049','你好','2015-05-15 00:00:00',1),('1','20150050','你好','2015-05-15 00:00:00',1),('1','20150051','你好','2015-05-15 00:00:00',1),('1','20150052','你好','2015-05-15 00:00:00',1),('1','20150053','你好','2015-05-15 00:00:00',1),('2','20150015','Hello','2015-05-16 00:00:00',1),('2','20150016','Hello','2015-05-16 00:00:00',1),('2','20150017','Hello','2015-05-16 00:00:00',1),('2','20150018','Hello','2015-05-16 00:00:00',1),('2','20150019','Hello','2015-05-16 00:00:00',1),('2','20150020','Hello','2015-05-16 00:00:00',1),('2','20150021','Hello','2015-05-16 00:00:00',1),('2','20150022','Hello','2015-05-16 00:00:00',1),('2','20150023','Hello','2015-05-16 00:00:00',1),('2','20150024','Hello','2015-05-16 00:00:00',1),('2','20150025','Hello','2015-05-16 00:00:00',1),('2','20150026','Hello','2015-05-16 00:00:00',1),('2','20150027','Hello','2015-05-16 00:00:00',1),('2','20150028','Hello','2015-05-16 00:00:00',1),('2','20150029','Hello','2015-05-16 00:00:00',1),('2','20150030','Hello','2015-05-16 00:00:00',1),('2','20150031','Hello','2015-05-16 00:00:00',1),('2','20150032','Hello','2015-05-16 00:00:00',1),('2','20150033','Hello','2015-05-16 00:00:00',1),('2','20150034','Hello','2015-05-16 00:00:00',1),('2','20150035','Hello','2015-05-16 00:00:00',1),('2','20150036','Hello','2015-05-16 00:00:00',1),('2','20150037','Hello','2015-05-16 00:00:00',1),('2','20150038','Hello','2015-05-16 00:00:00',1),('2','20150039','Hello','2015-05-16 00:00:00',1),('2','20150040','Hello','2015-05-16 00:00:00',0),('2','20150041','Hello','2015-05-16 00:00:00',0),('2','20150042','Hello','2015-05-16 00:00:00',0),('2','20150043','Hello','2015-05-16 00:00:00',0),('2','20150044','Hello','2015-05-16 00:00:00',0),('2','20150045','Hello','2015-05-16 00:00:00',0),('2','20150046','Hello','2015-05-16 00:00:00',0),('2','20150047','Hello','2015-05-16 00:00:00',0),('2','20150048','Hello','2015-05-16 00:00:00',0),('2','20150049','Hello','2015-05-16 00:00:00',0),('2','20150050','Hello','2015-05-16 00:00:00',0),('2','20150051','Hello','2015-05-16 00:00:00',0),('2','20150052','Hello','2015-05-16 00:00:00',0),('2','20150053','Hello','2015-05-16 00:00:00',0),('2','20150054','Hello','2015-05-16 00:00:00',0),('2','20150055','Hello','2015-05-16 00:00:00',0),('2','20150056','Hello','2015-05-16 00:00:00',0),('2','20150057','Hello','2015-05-16 00:00:00',0),('2','20150058','Hello','2015-05-16 00:00:00',0),('2','20150059','Hello','2015-05-16 00:00:00',0),('2','20150060','Hello','2015-05-16 00:00:00',0),('2','20150061','Hello','2015-05-16 00:00:00',0),('2','20150062','Hello','2015-05-16 00:00:00',0),('2','20150063','Hello','2015-05-16 00:00:00',0);

/*Data for the table `personal_invoice` */

insert  into `personal_invoice`(`P_invoice_ID`,`payment`,`Date`) values ('10000001','795','2014-04-30'),('10000002','269','2015-02-23'),('10000003','998','2014-04-30'),('10000004','163','2014-07-11'),('10000005','592','2015-01-08'),('10000006','830','2014-09-23'),('10000007','57','2014-01-11'),('10000008','202','2015-01-04'),('10000009','543','2014-03-15'),('10000010','795','2015-02-07'),('10000011','398','2014-10-07'),('10000012','834','2015-05-11'),('10000013','616','2015-02-28'),('10000014','236','2014-02-27'),('10000015','500','2014-09-21'),('10000016','329','2015-01-18'),('10000017','568','2014-12-02'),('10000018','992','2014-12-16'),('10000019','818','2015-03-20'),('10000020','372','2014-03-29'),('10000021','602','2014-12-20'),('10000022','35','2014-11-07'),('10000023','616','2014-04-23'),('10000024','478','2015-04-13'),('10000025','738','2014-04-26'),('10000026','823','2014-09-16'),('10000027','198','2014-04-12'),('10000028','338','2014-10-04'),('10000029','529','2014-06-25'),('10000030','384','2014-02-09'),('10000031','815','2014-11-05'),('10000032','389','2014-07-26'),('10000033','873','2014-03-31'),('10000034','668','2015-05-14'),('10000035','32','2015-03-28'),('10000036','468','2015-01-10'),('10000037','44','2014-04-28'),('10000038','729','2014-06-11'),('10000039','270','2015-03-12'),('10000040','154','2015-05-10'),('10000041','478','2014-08-19'),('10000042','843','2014-08-14'),('10000043','327','2014-04-25'),('10000044','922','2015-03-30'),('10000045','768','2014-11-29'),('10000046','347','2014-12-11'),('10000047','578','2014-06-26'),('10000048','985','2014-11-09'),('10000049','794','2014-08-22'),('10000050','660','2015-02-19'),('10000051','222','2014-03-27'),('10000052','249','2014-12-18'),('10000053','357','2014-05-06'),('10000054','1022','2015-04-29'),('10000055','656','2014-11-14'),('10000056','723','2014-12-13'),('10000057','1075','2014-04-29'),('10000058','652','2015-01-02'),('10000059','199','2014-05-10'),('10000060','363','2015-02-02'),('10000061','679','2014-04-26'),('10000062','314','2014-04-18'),('10000063','804','2014-07-09'),('10000064','439','2015-03-20'),('10000065','819','2014-05-01'),('10000066','376','2014-09-13'),('10000067','748','2014-05-12'),('10000068','702','2014-03-14'),('10000069','684','2014-01-02'),('10000070','917','2014-06-25'),('10000071','246','2014-09-19'),('10000072','578','2015-02-20'),('10000073','772','2015-01-03'),('10000074','547','2014-12-23'),('10000075','642','2015-04-06'),('10000076','682','2014-06-14'),('10000077','913','2014-08-08'),('10000078','489','2014-11-09'),('10000079','340','2014-07-24'),('10000080','801','2014-01-19'),('10000081','816','2014-07-08'),('10000082','223','2014-07-17'),('10000083','727','2015-01-23'),('10000084','771','2014-08-02'),('10000085','916','2014-11-20'),('10000086','676','2014-11-21'),('10000087','347','2014-08-17'),('10000088','471','2014-12-28'),('10000089','349','2014-06-03'),('10000090','497','2014-06-30'),('10000091','389','2014-03-22'),('10000092','61','2014-01-31'),('10000093','787','2015-03-19'),('10000094','231','2014-09-07'),('10000095','581','2014-05-08'),('10000096','378','2014-02-25'),('10000097','821','2015-03-11'),('10000098','436','2014-10-20'),('10000099','61','2014-08-09'),('10000100','772','2014-09-20');

/*Data for the table `reim` */

insert  into `reim`(`ID`,`P_invoice_ID`,`isread`,`Date`,`goods`,`number`,`unit_price`,`remark`) values ('20150001','10000092',1,'2014-02-01','水果','1','61','无'),('20150001','10000096',1,'2014-02-26','水果','1','378','无'),('20150002','10000003',0,'2014-05-01','餐饮','1','998','无'),('20150002','10000036',0,'2015-01-11','车费','1','468','无'),('20150002','10000041',0,'2014-08-20','复印','1','478','无'),('20150003','10000010',0,'2015-02-08','餐饮','1','795','无'),('20150003','10000061',0,'2014-04-27','U盘','1','679','无'),('20150003','10000095',1,'2014-05-09','水果','1','581','无'),('20150005','10000047',0,'2014-06-27','复印','1','578','无'),('20150005','10000048',0,'2014-11-10','复印','1','985','无'),('20150005','10000076',1,'2014-06-15','水果','1','682','无'),('20150006','10000080',1,'2014-01-20','水果','1','801','无'),('20150007','10000042',0,'2014-08-15','复印','1','843','无'),('20150007','10000053',0,'2014-05-07','复印','1','357','无'),('20150008','10000034',0,'2015-05-15','车费','1','668','无'),('20150009','10000056',0,'2014-12-14','U盘','1','723','无'),('20150010','10000005',0,'2015-01-09','餐饮','1','592','无'),('20150011','10000081',1,'2014-07-09','水果','1','816','无'),('20150012','10000018',0,'2014-12-17','餐饮','1','992','无'),('20150012','10000027',0,'2014-04-13','车费','1','198','无'),('20150012','10000085',1,'2014-11-21','水果','1','916','无'),('20150013','10000064',0,'2015-03-21','U盘','1','439','无'),('20150013','10000072',1,'2015-02-21','水果','1','578','无'),('20150013','10000094',1,'2014-09-08','水果','1','231','无'),('20150014','10000097',1,'2015-03-12','水果','1','821','无'),('20150015','10000026',0,'2014-09-17','车费','1','823','无'),('20150016','10000009',0,'2014-03-16','餐饮','1','543','无'),('20150018','10000035',0,'2015-03-29','车费','1','32','无'),('20150018','10000039',0,'2015-03-13','车费','1','270','无'),('20150018','10000050',0,'2015-02-20','复印','1','660','无'),('20150018','10000069',0,'2014-01-03','U盘','1','684','无'),('20150018','10000100',1,'2014-09-21','水果','1','772','无'),('20150019','10000083',1,'2015-01-24','水果','1','727','无'),('20150020','10000016',0,'2015-01-19','餐饮','1','329','无'),('20150020','10000021',0,'2014-12-21','车费','1','602','无'),('20150021','10000019',0,'2015-03-21','餐饮','1','818','无'),('20150021','10000079',1,'2014-07-25','水果','1','340','无'),('20150022','10000040',0,'2015-05-11','车费','1','154','无'),('20150023','10000091',1,'2014-03-23','水果','1','389','无'),('20150024','10000054',0,'2015-04-30','复印','1','1022','无'),('20150024','10000075',1,'2015-04-07','水果','1','642','无'),('20150026','10000002',0,'2015-02-24','餐饮','1','269','无'),('20150026','10000068',0,'2014-03-15','U盘','1','702','无'),('20150028','10000032',0,'2014-07-27','车费','1','389','无'),('20150029','10000017',0,'2014-12-03','餐饮','1','568','无'),('20150029','10000030',0,'2014-02-10','车费','1','384','无'),('20150029','10000046',0,'2014-12-12','复印','1','347','无'),('20150030','10000008',0,'2015-01-05','餐饮','1','202','无'),('20150030','10000089',1,'2014-06-04','水果','1','349','无'),('20150031','10000006',0,'2014-09-24','餐饮','1','830','无'),('20150031','10000023',0,'2014-04-24','车费','1','616','无'),('20150031','10000065',0,'2014-05-02','U盘','1','819','无'),('20150031','10000073',1,'2015-01-04','水果','1','772','无'),('20150032','10000087',1,'2014-08-18','水果','1','347','无'),('20150032','10000099',1,'2014-08-10','水果','1','61','无'),('20150033','10000043',0,'2014-04-26','复印','1','327','无'),('20150034','10000033',0,'2014-04-01','车费','1','873','无'),('20150034','10000058',0,'2015-01-03','U盘','1','652','无'),('20150035','10000098',1,'2014-10-21','水果','1','436','无'),('20150036','10000025',0,'2014-04-27','车费','1','738','无'),('20150040','10000011',0,'2014-10-08','餐饮','1','398','无'),('20150042','10000063',0,'2014-07-10','U盘','1','804','无'),('20150045','10000022',0,'2014-11-08','车费','1','35','无'),('20150045','10000029',0,'2014-06-26','车费','1','529','无'),('20150045','10000038',0,'2014-06-12','车费','1','729','无'),('20150045','10000074',1,'2014-12-24','水果','1','547','无'),('20150046','10000090',1,'2014-07-01','水果','1','497','无'),('20150047','10000051',0,'2014-03-28','复印','1','222','无'),('20150047','10000082',1,'2014-07-18','水果','1','223','无'),('20150048','10000086',1,'2014-11-22','水果','1','676','无'),('20150049','10000060',0,'2015-02-03','U盘','1','363','无'),('20150050','10000012',0,'2015-05-12','餐饮','1','834','无'),('20150051','10000001',0,'2014-05-01','餐饮','1','795','无'),('20150051','10000015',0,'2014-09-22','餐饮','1','500','无'),('20150051','10000078',1,'2014-11-10','水果','1','489','无'),('20150052','10000020',0,'2014-03-30','车费','1','372','无'),('20150052','10000028',0,'2014-10-05','车费','1','338','无'),('20150052','10000055',0,'2014-11-15','U盘','1','656','无'),('20150052','10000067',0,'2014-05-13','U盘','1','748','无'),('20150053','10000013',0,'2015-03-01','餐饮','1','616','无'),('20150053','10000024',0,'2015-04-14','车费','1','478','无'),('20150053','10000031',0,'2014-11-06','车费','1','815','无'),('20150053','10000052',0,'2014-12-19','复印','1','249','无'),('20150054','10000062',0,'2014-04-19','U盘','1','314','无'),('20150055','10000077',1,'2014-08-09','水果','1','913','无'),('20150056','10000057',0,'2014-04-30','U盘','1','1075','无'),('20150056','10000093',1,'2015-03-20','水果','1','787','无'),('20150057','10000066',0,'2014-09-14','U盘','1','376','无'),('20150058','10000037',0,'2014-04-29','车费','1','44','无'),('20150058','10000049',0,'2014-08-23','复印','1','794','无'),('20150059','10000004',0,'2014-07-12','餐饮','1','163','无'),('20150059','10000070',1,'2014-06-26','水果','1','917','无'),('20150060','10000014',0,'2014-02-28','餐饮','1','236','无'),('20150061','10000088',1,'2014-12-29','水果','1','471','无'),('20150062','10000044',0,'2015-03-31','复印','1','922','无'),('20150063','10000071',1,'2014-09-20','水果','1','246','无'),('20150064','10000007',0,'2014-01-12','餐饮','1','57','无'),('20150064','10000045',0,'2014-11-30','复印','1','768','无'),('20150064','10000059',0,'2014-05-11','U盘','1','199','无'),('20150064','10000084',1,'2014-08-03','水果','1','771','无');

/*Data for the table `salary_current` */

insert  into `salary_current`(`ID`,`basic_salary`,`living_allowance`,`work_day`,`Attendance_award`,`social_security`,`tax`) values ('20150001','3205','176','20','156','288','0'),('20150002','3540','109','25','195','318','106'),('20150003','3144','193','27','185','282','0'),('20150004','3114','155','27','162','280','0'),('20150005','3616','109','24','144','325','108'),('20150006','3786','183','28','132','340','113'),('20150007','3907','119','24','162','351','117'),('20150008','3678','118','27','161','331','110'),('20150009','3118','163','23','165','280','0'),('20150010','3712','182','25','181','334','111'),('20150011','3401','125','23','149','306','0'),('20150012','3218','150','24','129','289','0'),('20150013','3140','192','20','189','282','0'),('20150014','3190','124','22','138','287','0'),('20150015','3668','100','25','144','330','110'),('20150016','3244','103','24','193','291','0'),('20150017','3939','113','20','184','354','118'),('20150018','3970','186','26','123','357','119'),('20150019','3832','110','23','126','344','114'),('20150020','3481','185','27','107','313','0'),('20150021','3352','188','20','189','301','0'),('20150022','3369','190','23','112','303','0'),('20150023','3824','135','20','144','344','114'),('20150024','3792','125','20','104','341','113'),('20150025','3210','178','25','165','288','0'),('20150026','3573','199','23','130','321','107'),('20150027','3043','188','21','132','273','0'),('20150028','3934','120','22','136','354','118'),('20150029','3751','120','25','135','337','112'),('20150030','3086','109','25','176','277','0'),('20150031','3892','150','23','149','350','116'),('20150032','3081','127','26','192','277','0'),('20150033','3323','100','24','144','299','0'),('20150034','3903','189','28','119','351','117'),('20150035','3166','133','20','180','284','0'),('20150036','3424','146','23','114','308','0'),('20150037','3774','119','26','155','339','113'),('20150038','3646','196','25','107','328','109'),('20150039','3846','138','27','157','346','115'),('20150040','3318','127','25','164','298','0'),('20150041','3487','176','21','191','313','0'),('20150042','3230','187','28','103','290','0'),('20150043','3103','140','24','106','279','0'),('20150044','3725','126','23','150','335','111'),('20150045','3956','157','25','197','356','118'),('20150046','3341','147','28','122','300','0'),('20150047','3979','180','22','194','358','119'),('20150048','3463','178','20','131','311','0'),('20150049','3469','185','29','144','312','0'),('20150050','3624','107','24','128','326','108'),('20150051','3189','158','23','184','287','0'),('20150052','3614','136','24','138','325','108'),('20150053','3555','151','28','191','319','106'),('20150054','3861','105','22','177','347','115'),('20150055','3518','170','28','169','316','105'),('20150056','3830','156','29','172','344','114'),('20150057','3990','150','26','136','359','119'),('20150058','3105','123','27','194','279','0'),('20150059','3934','195','21','196','354','118'),('20150060','3759','145','26','151','338','112'),('20150061','3124','134','21','196','281','0'),('20150062','3366','112','29','111','302','0'),('20150063','3765','193','27','179','338','112'),('20150064','3667','165','24','198','330','110'),('20150065','3208','125','21','175','288','0');

/*Data for the table `salary_history` */

insert  into `salary_history`(`payoff_Date`,`ID`,`basic_salary`,`living_allowance`,`work_day`,`Attendance_award`,`social_security`,`tax`,`total_salary`) values ('2015-04-15','20150001','3414','126','24','147','307','0','3380'),('2015-04-15','20150002','3364','139','26','196','302','0','3397'),('2015-04-15','20150003','3557','180','25','130','320','106','3441'),('2015-04-15','20150004','3446','162','24','119','310','0','3417'),('2015-04-15','20150005','3942','148','22','107','354','118','3618'),('2015-04-15','20150006','3700','129','23','189','333','111','3385'),('2015-04-15','20150007','3361','126','27','155','302','0','3340'),('2015-04-15','20150008','3678','105','23','175','331','110','3342'),('2015-04-15','20150009','3849','161','20','139','346','115','3549'),('2015-04-15','20150010','3261','107','26','112','293','0','3187'),('2015-04-15','20150011','3471','138','25','196','312','0','3493'),('2015-04-15','20150012','3990','160','27','137','359','119','3809'),('2015-04-15','20150013','3091','184','20','180','278','0','2997'),('2015-04-15','20150014','3261','167','27','126','293','0','3261'),('2015-04-15','20150015','3562','156','28','136','320','106','3428'),('2015-04-15','20150016','3233','185','27','113','290','0','3241'),('2015-04-15','20150017','3264','159','23','191','293','0','3130'),('2015-04-15','20150018','3846','199','29','185','346','115','3769'),('2015-04-15','20150019','3328','133','23','178','299','0','3162'),('2015-04-15','20150020','3072','132','28','133','276','0','3061'),('2015-04-15','20150021','3009','167','23','135','270','0','2906'),('2015-04-15','20150022','3173','183','29','147','285','0','3218'),('2015-04-15','20150023','3695','178','26','138','332','110','3569'),('2015-04-15','20150024','3391','195','22','135','305','0','3281'),('2015-04-15','20150025','3346','162','25','181','301','0','3388'),('2015-04-15','20150026','3063','135','24','136','275','0','3059'),('2015-04-15','20150027','3688','114','27','123','331','110','3484'),('2015-04-15','20150028','3050','196','20','132','274','0','2972'),('2015-04-15','20150029','3401','173','29','198','306','0','3466'),('2015-04-15','20150030','3804','148','25','101','342','114','3597'),('2015-04-15','20150031','3185','105','22','175','286','0','3004'),('2015-04-15','20150032','3215','189','21','142','289','0','3115'),('2015-04-15','20150033','3011','158','26','143','270','0','3042'),('2015-04-15','20150034','3851','139','25','145','346','115','3674'),('2015-04-15','20150035','3649','112','21','133','328','109','3324'),('2015-04-15','20150036','3957','177','23','185','356','118','3660'),('2015-04-15','20150037','3067','165','26','173','276','0','3129'),('2015-04-15','20150038','3856','139','22','192','347','115','3533'),('2015-04-15','20150039','3988','141','28','164','358','119','3816'),('2015-04-15','20150040','3930','120','28','129','353','117','3709'),('2015-04-15','20150041','3308','188','20','167','297','0','3199'),('2015-04-15','20150042','3669','122','28','101','330','110','3452'),('2015-04-15','20150043','3868','172','25','128','348','116','3704'),('2015-04-15','20150044','3687','109','29','128','331','110','3483'),('2015-04-15','20150045','3009','163','28','116','270','0','3018'),('2015-04-15','20150046','3989','168','23','112','359','119','3679'),('2015-04-15','20150047','3824','130','21','125','344','114','3496'),('2015-04-15','20150048','3016','112','22','139','271','0','2857'),('2015-04-15','20150049','3142','160','29','149','282','0','3169'),('2015-04-15','20150050','3205','101','23','169','288','0','3018'),('2015-04-15','20150051','3142','191','24','179','282','0','3230'),('2015-04-15','20150052','3147','145','25','197','283','0','3206'),('2015-04-15','20150053','3075','126','27','107','276','0','3032'),('2015-04-15','20150054','3461','114','25','104','311','0','3368'),('2015-04-15','20150055','3323','170','21','190','299','0','3194'),('2015-04-15','20150056','3915','142','25','175','352','117','3763'),('2015-04-15','20150057','3956','169','28','121','356','118','3772'),('2015-04-15','20150058','3776','158','22','167','339','113','3482'),('2015-04-15','20150059','3176','153','20','146','285','0','3044'),('2015-04-15','20150060','3575','190','23','146','321','107','3337'),('2015-04-15','20150061','3858','128','22','130','347','115','3524'),('2015-04-15','20150062','3934','106','26','104','354','118','3672'),('2015-04-15','20150063','3739','139','26','137','336','112','3567'),('2015-04-15','20150064','3159','111','23','102','284','0','2986'),('2015-04-15','20150065','3022','145','20','100','271','0','2896'),('2015-05-15','20150001','3742','151','26','159','336','112','3604'),('2015-05-15','20150002','3208','119','28','188','288','0','3227'),('2015-05-15','20150003','3141','124','20','164','282','0','2983'),('2015-05-15','20150004','3356','172','25','117','302','0','3343'),('2015-05-15','20150005','3767','160','24','186','339','113','3661'),('2015-05-15','20150006','3404','116','24','172','306','0','3386'),('2015-05-15','20150007','3932','198','22','197','353','117','3660'),('2015-05-15','20150008','3330','165','22','116','299','0','3196'),('2015-05-15','20150009','3050','154','28','104','274','0','3034'),('2015-05-15','20150010','3946','166','24','103','355','118','3742'),('2015-05-15','20150011','3443','143','24','175','309','0','3452'),('2015-05-15','20150012','3657','165','25','124','329','109','3508'),('2015-05-15','20150013','3294','104','26','142','296','0','3244'),('2015-05-15','20150014','3707','194','27','140','333','111','3597'),('2015-05-15','20150015','3687','126','24','193','331','110','3565'),('2015-05-15','20150016','3878','148','24','154','349','116','3715'),('2015-05-15','20150017','3271','194','25','142','294','0','3313'),('2015-05-15','20150018','3601','181','22','176','324','108','3350'),('2015-05-15','20150019','3581','110','28','131','322','107','3393'),('2015-05-15','20150020','3723','152','27','157','335','111','3586'),('2015-05-15','20150021','3382','163','20','123','304','0','3241'),('2015-05-15','20150022','3217','186','22','178','289','0','3114'),('2015-05-15','20150023','3123','106','25','121','281','0','3069'),('2015-05-15','20150024','3320','135','26','112','298','0','3269'),('2015-05-15','20150025','3674','112','28','176','330','110','3522'),('2015-05-15','20150026','3839','180','25','135','345','115','3694'),('2015-05-15','20150027','3250','145','29','137','292','0','3240'),('2015-05-15','20150028','3671','139','22','171','330','110','3370'),('2015-05-15','20150029','3389','107','25','149','305','0','3340'),('2015-05-15','20150030','3220','118','21','186','289','0','3049'),('2015-05-15','20150031','3331','105','28','114','299','0','3251'),('2015-05-15','20150032','3879','161','27','126','349','116','3701'),('2015-05-15','20150033','3079','163','29','191','277','0','3156'),('2015-05-15','20150034','3848','176','29','112','346','115','3675'),('2015-05-15','20150035','3376','154','24','177','303','0','3404'),('2015-05-15','20150036','3828','162','29','158','344','114','3690'),('2015-05-15','20150037','3817','189','21','162','343','114','3549'),('2015-05-15','20150038','3845','132','22','180','346','115','3516'),('2015-05-15','20150039','3564','114','25','115','320','106','3367'),('2015-05-15','20150040','3736','136','27','151','336','112','3575'),('2015-05-15','20150041','3563','103','23','145','320','106','3240'),('2015-05-15','20150042','3222','159','28','116','289','0','3208'),('2015-05-15','20150043','3662','182','27','166','329','109','3572'),('2015-05-15','20150044','3431','119','27','180','308','0','3422'),('2015-05-15','20150045','3055','164','25','148','274','0','3093'),('2015-05-15','20150046','3837','137','25','158','345','115','3672'),('2015-05-15','20150047','3543','116','25','109','318','106','3344'),('2015-05-15','20150048','3270','139','26','197','294','0','3312'),('2015-05-15','20150049','3484','172','22','192','313','0','3343'),('2015-05-15','20150050','3350','182','21','136','301','0','3231'),('2015-05-15','20150051','3488','127','21','192','313','0','3302'),('2015-05-15','20150052','3644','143','28','159','327','109','3510'),('2015-05-15','20150053','3439','116','27','164','309','0','3410'),('2015-05-15','20150054','3438','198','28','132','309','0','3459'),('2015-05-15','20150055','3462','175','29','136','311','0','3462'),('2015-05-15','20150056','3305','134','21','106','297','0','3142'),('2015-05-15','20150057','3493','195','28','162','314','0','3536'),('2015-05-15','20150058','3324','139','25','126','299','0','3290'),('2015-05-15','20150059','3011','181','21','107','270','0','2922'),('2015-05-15','20150060','3162','125','20','134','284','0','3003'),('2015-05-15','20150061','3381','100','29','164','304','0','3341'),('2015-05-15','20150062','3491','190','25','160','314','0','3527'),('2015-05-15','20150063','3379','100','21','111','304','0','3175'),('2015-05-15','20150064','3174','101','20','130','285','0','2990'),('2015-05-15','20150065','3920','194','29','143','352','117','3788');

/*Data for the table `user` */

insert  into `user`(`ID`,`password`,`authority`,`name`,`sex`,`birthday`,`address`,`phone`,`position`,`IDcard`) values ('123','haojian1','1','bixinghao','man','1994-04-10','华南农业大学华山区23栋','15913110981','CEO','440182199404104213'),('20150001','123456','0','姚娟','女','1996-10-11','市政府大院','13774122567','系统管理员','430381198802283315'),('20150002','123456','1','郭祺','女','1988-08-01','望城村谌村湾','15992218300','公司管理员','430408198804062012'),('20150003','123456','2','何佳徽','女','1988-03-22','大邦秦家湾','13774102193','总经理','430421198503268878'),('20150004','123456','2','张婷','女','2015-04-29','大邦路周家湾','18972980229','副总经理','430421198708085338'),('20150005','123456','2','张兰','女','2002-06-02','大邦路周家湾','15672996698','副总经理','430422198411170079'),('20150006','123456','2','陈浩东','男','1981-11-05','前进小学对面','18307229919','副总经理','430422196802287119'),('20150007','123456','2','陈昱竹','女','2006-09-06','北门加油站','13886890907','副总经理','430423198707017053'),('20150008','123456','2','李铮','男','2015-01-30','大邦路周家湾旁','13972980621','人力资源总监','430423198710190930'),('20150009','123456','2','程强','男','1977-10-10','油榨村黄家畈','15586898742','财务总监','430424198511181413'),('20150010','123456','2','邓宏','男','1979-12-23','四贤路小李家湾','15997872113','营销总监','43042419870510001'),('20150011','123456','2','赵书毅','男','1995-07-23','城郊乡跑马场炉子湾','15971945236','市场总监','430426198511209554'),('20150012','123456','2','郑刚','男','2000-09-07','骆店乡石堰村','13997850830','普通职员','430426198707285110'),('20150013','123456','2','杨斌','男','1999-07-13','四支队','15997898151','普通职员','430482198510205894'),('20150014','123456','2','彭云勇','男','1976-04-08','刘家冲五楼','13774107217','普通职员','43050219871006003'),('20150015','123456','2','明丽','女','1987-08-30','气管局三栋三楼','15856837063','普通职员','430503198705195059'),('20150016','123456','2','王曦','女','1985-08-23','富康村','15826731151','普通职员','430503198812072513'),('20150017','123456','2','李竟','男','1982-02-23','长江公寓6栋202','13317599202','普通职员','430521197307034295'),('20150018','123456','2','刘强','男','2002-06-07','盛泰城','13085247909','普通职员','43052219860228009'),('20150019','123456','2','雷军','男','1995-09-20','应池巷','1897286941','普通职员','430523198708090952'),('20150020','123456','2','张艳','女','1993-12-13','四贤路文华高中对门','13487004037','普通职员','430524198401032930'),('20150021','123456','2','张春梅','女','1986-12-23','北门加油站','13774123664','普通职员','430527198501200937'),('20150022','123456','2','吕凤','女','2003-06-20','永阳二路','13886855915','普通职员','430528197703121315'),('20150023','123456','2','赵鑫','男','1999-05-09','南门开发区','15549753187','普通职员','430528197709060015'),('20150024','123456','2','方媛','女','2002-02-22','双桥村','15997846200','普通职员','430528197010130037'),('20150025','123456','2','贾凌伟','男','1987-03-05','双桥村','13774102179','普通职员','430621198706175453'),('20150026','123456','2','陈阳','女','1991-03-29','新原五组','18672283997','普通职员','430624198709218737'),('20150027','123456','2','赵艳','女','1979-02-28','南门渡槽','15586709783','普通职员','430624198807197511'),('20150028','123456','2','蒋朗峰','男','1990-06-12','陈湖村毛家湾四组','13085245378','普通职员','430626198711165614'),('20150029','123456','2','代怀平','女','1998-04-26','南门四贤路42号','13886892253','普通职员','430626198711191011'),('20150030','123456','2','蹇敏','女','1998-02-09','张湾','15671259414','普通职员','430626198804090017'),('20150031','123456','2','刘燕','女','1981-04-14','联明','15826744143','普通职员','430681198604280013'),('20150032','123456','2','周德行','男','1987-08-23','三里棚','18672222307','普通职员','430681198708294938'),('20150033','123456','2','谌超','男','1982-05-05','雷达石','15971927682','普通职员','430703198711197158'),('20150034','123456','2','袁章','男','2004-11-07','三里棚不远','15272865040','普通职员','430722197607207116'),('20150035','123456','2','严明奎','男','2015-03-16','南门医院','15997871833','普通职员','430722198806206116'),('20150036','123456','2','李强','男','2011-11-11','前进小学周围','13268682266','普通职员','430723198611025012'),('20150037','123456','2','王小琼','女','2011-07-01','平靖路','18995977798','普通职员','430724198810221119'),('20150038','123456','2','孟娇燕','女','1977-03-19','南门新汽车站对面','13972986392','普通职员','430725198704201575'),('20150039','123456','2','刘亮','女','1995-04-06','南门渡槽','13297265208','普通职员','430726198803172518'),('20150040','123456','2','杨胜杰','男','2008-10-27','南门美人塘','13774096421','普通职员','430822198803255292'),('20150041','123456','2','母正国','男','1993-12-08','文华高中','15997849373','普通职员','430902198609066033'),('20150042','123456','2','刘勇','男','1982-02-05','南门轻工超市上面','15997852750','普通职员','430903196707241217'),('20150043','123456','2','贾雨熹','女','1991-07-23','西门周家湾','13972991372','普通职员','430981198712027214'),('20150044','123456','2','陈祥英','女','2004-03-14','十里铺','15871222636','普通职员','430981198712237756'),('20150045','123456','2','申荣明','男','1999-11-07','平靖路','18995977798','普通职员','431023198809136511'),('20150046','123456','2','陈平平','女','1984-04-16','城郊乡富康村二组','15997878151','普通职员','431123198701060012'),('20150047','123456','2','贾毅','男','1985-04-08','长江公寓','13972980718','普通职员','431126198712277013'),('20150048','123456','2','杨晰','女','1997-04-10','永阳三路118号','15342804888','普通职员','431128198502191812'),('20150049','123456','2','张松','男','1992-12-19','新草街8号','13997890850','普通职员','431128198911287639'),('20150050','123456','2','雷婕','女','1977-07-05','大邦路','18371897023','普通职员','431229198512200438'),('20150051','123456','2','诸方晓','女','2006-02-19','板子桥村','15391697475','普通职员','432501198603234511'),('20150052','123456','2','李紫薇','女','1998-03-29','西门大邦北路146号','13329888255','普通职员','432503197510180094'),('20150053','123456','2','周珂旭','女','2002-09-24','西门大邦北路146号','15997853846','普通职员','432503198603106213'),('20150054','123456','2','陈诗晴','女','2012-05-01','西正街','15971940871','普通职员','43250319860918591'),('20150055','123456','2','柯立','男','1992-04-08','双桥村','13537614598','普通职员','43250319861120653'),('20150056','123456','2','马倩','女','2012-03-29','南门四贤路5123号','13329892515','普通职员','432522198405283736'),('20150057','123456','2','王冠群','男','2007-12-16','三里棚不远','15586870655','普通职员','432522198509227392'),('20150058','123456','2','谢孟江','男','2006-10-06','南门医院','15727224844','普通职员','432522198611297397'),('20150059','123456','2','张一川','女','1994-06-17','前进小学周围','13872875704','普通职员','432522198708077059'),('20150060','123456','2','张展玮','男','1999-02-07','平靖路','13997852676','普通职员','432522196708150818'),('20150061','123456','2','李更生','男','1994-11-04','南门新汽车站对面','13997857052','普通职员','430381198512206012'),('20150062','123456','2','张妍娟','女','1996-06-05','南门渡槽','15172785222','普通职员','430381198608202673'),('20150063','123456','2','王琅','女','1996-02-07','南门美人塘','13972990897','普通职员','430381196705185019'),('20150064','123456','2','何芸佼','女','1986-01-28','永阳二路','15572206798','普通职员','430381198707086030'),('20150065','123456','2','杨军','男','1988-07-19','南门开发区','13872875606','普通职员','430381198712151458');

/*!40101 SET SQL_MODE=@OLD_SQL_MODE */;
/*!40014 SET FOREIGN_KEY_CHECKS=@OLD_FOREIGN_KEY_CHECKS */;
/*!40014 SET UNIQUE_CHECKS=@OLD_UNIQUE_CHECKS */;
/*!40111 SET SQL_NOTES=@OLD_SQL_NOTES */;
